{"count":1,"gauges":{},"self":27.2942528,"total":34.0932588,"children":{"AgentResetIfDone":{"count":1691,"self":0.016788,"total":0.016788,"children":null},"AgentSendState":{"count":1691,"self":0.1000504,"total":0.1904407,"children":{"CollectObservations":{"count":8136,"self":0.090390299999999993,"total":0.090390299999999993,"children":null}}},"DecideAction":{"count":1691,"self":4.212522,"total":4.5251149,"children":{"RayPerceptionSensor.Perceive":{"count":16272,"self":0.3125929,"total":0.3125929,"children":null}}},"AcademyStep":{"count":1691,"self":0.0030188,"total":0.0030188,"children":null},"AgentAct":{"count":1691,"self":2.0626468,"total":2.0626469,"children":null}}}